[
{
    "model": "webapp.product",
    "pk": 1,
    "fields": {
        "product": "mouse",
        "description": "reg",
        "category": "equipment",
        "balance": 0,
        "price": "100.00"
    }
},
{
    "model": "webapp.product",
    "pk": 2,
    "fields": {
        "product": "white jacket",
        "description": "good quality cotton",
        "category": "other",
        "balance": 123,
        "price": "23.00"
    }
},
{
    "model": "webapp.product",
    "pk": 3,
    "fields": {
        "product": "shirt",
        "description": "Green 95% cotton",
        "category": "clothes",
        "balance": 91,
        "price": "123.00"
    }
},
{
    "model": "webapp.product",
    "pk": 5,
    "fields": {
        "product": "book of Jungle",
        "description": "good book",
        "category": "information",
        "balance": 0,
        "price": "123.00"
    }
},
{
    "model": "webapp.product",
    "pk": 6,
    "fields": {
        "product": "aaa",
        "description": "dfgsdg",
        "category": "clothes",
        "balance": 0,
        "price": "123.00"
    }
},
{
    "model": "webapp.product",
    "pk": 8,
    "fields": {
        "product": "grserg",
        "description": "sdfgrg",
        "category": "other",
        "balance": 50,
        "price": "123.00"
    }
},
{
    "model": "webapp.product",
    "pk": 9,
    "fields": {
        "product": "dfsgs",
        "description": "sdfg",
        "category": "other",
        "balance": 0,
        "price": "23.00"
    }
},
{
    "model": "webapp.product",
    "pk": 10,
    "fields": {
        "product": "asdf",
        "description": "asdfsf",
        "category": "other",
        "balance": 10,
        "price": "3.00"
    }
},
{
    "model": "webapp.product",
    "pk": 11,
    "fields": {
        "product": "reag",
        "description": "adfg",
        "category": "equipment",
        "balance": 7,
        "price": "12.00"
    }
},
{
    "model": "webapp.product",
    "pk": 12,
    "fields": {
        "product": "sdfg",
        "description": "sfdg",
        "category": "information",
        "balance": 0,
        "price": "1234.00"
    }
},
{
    "model": "webapp.product",
    "pk": 13,
    "fields": {
        "product": "ddgsdf",
        "description": "sdfgsdgr",
        "category": "other",
        "balance": 0,
        "price": "12.00"
    }
},
{
    "model": "webapp.product",
    "pk": 14,
    "fields": {
        "product": "jacket N5",
        "description": "for rainy wheather",
        "category": "other",
        "balance": 11,
        "price": "123.00"
    }
},
{
    "model": "webapp.product",
    "pk": 15,
    "fields": {
        "product": "ball",
        "description": "for football",
        "category": "other",
        "balance": 110,
        "price": "34.00"
    }
},
{
    "model": "webapp.product",
    "pk": 16,
    "fields": {
        "product": "jiuce",
        "description": "for drink",
        "category": "other",
        "balance": 123,
        "price": "4.00"
    }
},
{
    "model": "webapp.orderproduct",
    "pk": 1,
    "fields": {
        "product": 15,
        "order": 10,
        "volume": 5
    }
},
{
    "model": "webapp.orderproduct",
    "pk": 2,
    "fields": {
        "product": 3,
        "order": 11,
        "volume": 1
    }
},
{
    "model": "webapp.orderproduct",
    "pk": 3,
    "fields": {
        "product": 10,
        "order": 11,
        "volume": 1
    }
},
{
    "model": "webapp.orderproduct",
    "pk": 4,
    "fields": {
        "product": 11,
        "order": 11,
        "volume": 1
    }
},
{
    "model": "webapp.orderproduct",
    "pk": 5,
    "fields": {
        "product": 15,
        "order": 11,
        "volume": 1
    }
},
{
    "model": "webapp.orderproduct",
    "pk": 6,
    "fields": {
        "product": 3,
        "order": 12,
        "volume": 1
    }
},
{
    "model": "webapp.orderproduct",
    "pk": 7,
    "fields": {
        "product": 11,
        "order": 13,
        "volume": 1
    }
},
{
    "model": "webapp.orderproduct",
    "pk": 8,
    "fields": {
        "product": 3,
        "order": 14,
        "volume": 1
    }
},
{
    "model": "webapp.orderproduct",
    "pk": 9,
    "fields": {
        "product": 8,
        "order": 14,
        "volume": 1
    }
},
{
    "model": "webapp.orderproduct",
    "pk": 10,
    "fields": {
        "product": 10,
        "order": 14,
        "volume": 1
    }
},
{
    "model": "webapp.orderproduct",
    "pk": 11,
    "fields": {
        "product": 11,
        "order": 14,
        "volume": 1
    }
},
{
    "model": "webapp.orderproduct",
    "pk": 12,
    "fields": {
        "product": 15,
        "order": 14,
        "volume": 1
    }
},
{
    "model": "webapp.orderproduct",
    "pk": 13,
    "fields": {
        "product": 3,
        "order": 15,
        "volume": 2
    }
},
{
    "model": "webapp.orderproduct",
    "pk": 14,
    "fields": {
        "product": 3,
        "order": 16,
        "volume": 1
    }
},
{
    "model": "webapp.orderproduct",
    "pk": 15,
    "fields": {
        "product": 11,
        "order": 16,
        "volume": 1
    }
},
{
    "model": "webapp.orderproduct",
    "pk": 16,
    "fields": {
        "product": 3,
        "order": 17,
        "volume": 2
    }
},
{
    "model": "webapp.orderproduct",
    "pk": 17,
    "fields": {
        "product": 11,
        "order": 17,
        "volume": 1
    }
},
{
    "model": "webapp.orderproduct",
    "pk": 18,
    "fields": {
        "product": 3,
        "order": 18,
        "volume": 10
    }
},
{
    "model": "webapp.orderproduct",
    "pk": 19,
    "fields": {
        "product": 3,
        "order": 19,
        "volume": 1
    }
},
{
    "model": "webapp.orderproduct",
    "pk": 20,
    "fields": {
        "product": 3,
        "order": 20,
        "volume": 1
    }
},
{
    "model": "webapp.orderproduct",
    "pk": 21,
    "fields": {
        "product": 3,
        "order": 21,
        "volume": 1
    }
},
{
    "model": "webapp.orderproduct",
    "pk": 22,
    "fields": {
        "product": 11,
        "order": 21,
        "volume": 1
    }
},
{
    "model": "webapp.orderproduct",
    "pk": 23,
    "fields": {
        "product": 3,
        "order": 22,
        "volume": 3
    }
},
{
    "model": "webapp.orderproduct",
    "pk": 24,
    "fields": {
        "product": 11,
        "order": 22,
        "volume": 3
    }
},
{
    "model": "webapp.orderproduct",
    "pk": 25,
    "fields": {
        "product": 3,
        "order": 23,
        "volume": 1
    }
},
{
    "model": "webapp.orderproduct",
    "pk": 26,
    "fields": {
        "product": 11,
        "order": 23,
        "volume": 1
    }
},
{
    "model": "webapp.orderproduct",
    "pk": 27,
    "fields": {
        "product": 3,
        "order": 24,
        "volume": 1
    }
},
{
    "model": "webapp.orderproduct",
    "pk": 28,
    "fields": {
        "product": 11,
        "order": 24,
        "volume": 1
    }
},
{
    "model": "webapp.orderproduct",
    "pk": 29,
    "fields": {
        "product": 3,
        "order": 25,
        "volume": 1
    }
},
{
    "model": "webapp.orderproduct",
    "pk": 30,
    "fields": {
        "product": 11,
        "order": 25,
        "volume": 1
    }
},
{
    "model": "webapp.order",
    "pk": 2,
    "fields": {
        "username": "sergt",
        "phone": "234",
        "address": "sdfg",
        "created_at": "2022-02-06T14:33:10.762Z"
    }
},
{
    "model": "webapp.order",
    "pk": 3,
    "fields": {
        "username": "sdfg",
        "phone": "23",
        "address": "dg",
        "created_at": "2022-02-06T14:36:12.671Z"
    }
},
{
    "model": "webapp.order",
    "pk": 4,
    "fields": {
        "username": "dsfg",
        "phone": "345",
        "address": "fsdg",
        "created_at": "2022-02-06T14:37:46.586Z"
    }
},
{
    "model": "webapp.order",
    "pk": 5,
    "fields": {
        "username": "sdfg",
        "phone": "45",
        "address": "dsfg",
        "created_at": "2022-02-06T14:38:10.880Z"
    }
},
{
    "model": "webapp.order",
    "pk": 6,
    "fields": {
        "username": "",
        "phone": "",
        "address": "",
        "created_at": "2022-02-06T14:40:35.173Z"
    }
},
{
    "model": "webapp.order",
    "pk": 7,
    "fields": {
        "username": "fdg",
        "phone": "435",
        "address": "sfdg",
        "created_at": "2022-02-06T14:43:37.980Z"
    }
},
{
    "model": "webapp.order",
    "pk": 8,
    "fields": {
        "username": "user12",
        "phone": "1212",
        "address": "address 12",
        "created_at": "2022-02-06T15:03:54.443Z"
    }
},
{
    "model": "webapp.order",
    "pk": 9,
    "fields": {
        "username": "user12",
        "phone": "1212",
        "address": "address 12",
        "created_at": "2022-02-06T15:05:01.311Z"
    }
},
{
    "model": "webapp.order",
    "pk": 10,
    "fields": {
        "username": "user13",
        "phone": "1313",
        "address": "address13",
        "created_at": "2022-02-06T15:06:53.035Z"
    }
},
{
    "model": "webapp.order",
    "pk": 11,
    "fields": {
        "username": "user 14",
        "phone": "14",
        "address": "adress14",
        "created_at": "2022-02-06T15:11:51.388Z"
    }
},
{
    "model": "webapp.order",
    "pk": 12,
    "fields": {
        "username": "ssdfg",
        "phone": "324",
        "address": "",
        "created_at": "2022-02-06T15:19:12.773Z"
    }
},
{
    "model": "webapp.order",
    "pk": 13,
    "fields": {
        "username": "",
        "phone": "3452",
        "address": "fgs",
        "created_at": "2022-02-06T15:21:00.114Z"
    }
},
{
    "model": "webapp.order",
    "pk": 14,
    "fields": {
        "username": "",
        "phone": "",
        "address": "",
        "created_at": "2022-02-06T15:30:57.493Z"
    }
},
{
    "model": "webapp.order",
    "pk": 15,
    "fields": {
        "username": "rdg",
        "phone": "234",
        "address": "sdfg",
        "created_at": "2022-02-06T15:59:42.161Z"
    }
},
{
    "model": "webapp.order",
    "pk": 16,
    "fields": {
        "username": "usser1",
        "phone": "23 34",
        "address": "dome of usser1",
        "created_at": "2022-02-06T16:00:39.805Z"
    }
},
{
    "model": "webapp.order",
    "pk": 17,
    "fields": {
        "username": "create24",
        "phone": "234",
        "address": "addres create",
        "created_at": "2022-02-06T16:13:57.497Z"
    }
},
{
    "model": "webapp.order",
    "pk": 18,
    "fields": {
        "username": "create e3",
        "phone": "235",
        "address": "add create",
        "created_at": "2022-02-06T16:15:37.703Z"
    }
},
{
    "model": "webapp.order",
    "pk": 19,
    "fields": {
        "username": "xfg",
        "phone": "dgh",
        "address": "dgh",
        "created_at": "2022-02-06T16:16:53.770Z"
    }
},
{
    "model": "webapp.order",
    "pk": 20,
    "fields": {
        "username": "dfg",
        "phone": "sdfg",
        "address": "sfdg",
        "created_at": "2022-02-06T16:17:40.132Z"
    }
},
{
    "model": "webapp.order",
    "pk": 21,
    "fields": {
        "username": "jhg",
        "phone": "dfg",
        "address": "sdfg",
        "created_at": "2022-02-06T16:20:41.857Z"
    }
},
{
    "model": "webapp.order",
    "pk": 22,
    "fields": {
        "username": "sdaf",
        "phone": "sdfg",
        "address": "sdfg",
        "created_at": "2022-02-06T16:33:14.927Z"
    }
},
{
    "model": "webapp.order",
    "pk": 23,
    "fields": {
        "username": "sdfg",
        "phone": "sdfg",
        "address": "sfdg",
        "created_at": "2022-02-06T16:38:29.761Z"
    }
},
{
    "model": "webapp.order",
    "pk": 24,
    "fields": {
        "username": "sdfg",
        "phone": "sdfg",
        "address": "agsdf",
        "created_at": "2022-02-06T16:44:10.505Z"
    }
},
{
    "model": "webapp.order",
    "pk": 25,
    "fields": {
        "username": "dfg",
        "phone": "sdfg",
        "address": "sfdg",
        "created_at": "2022-02-06T16:45:24.172Z"
    }
}
]
